prefid,pref,block,jpref,jblock,pr96,pr00,pr03,pr05,pr09,pr12,pr14,pr17
1,Hokkaido,HOKKAIDO,kC,kC,9,8,8,8,8,8,8,8
2,Aomori,TOHOKU,X,k,16,14,14,14,14,14,14,13
3,Iwate,TOHOKU,,k,16,14,14,14,14,14,14,13
4,Miyagi,TOHOKU,{,k,16,14,14,14,14,14,14,13
5,Akita,TOHOKU,Hc,k,16,14,14,14,14,14,14,13
6,Yamagata,TOHOKU,R`,k,16,14,14,14,14,14,14,13
7,Fukushima,TOHOKU,,k,16,14,14,14,14,14,14,13
8,Ibaraki,KITA KANTO,,k֓,21,20,20,20,20,20,20,19
9,Tochigi,KITA KANTO,Ȗ,k֓,21,20,20,20,20,20,20,19
10,Gunma,KITA KANTO,Qn,k֓,21,20,20,20,20,20,20,19
11,Saitama,KITA KANTO,,k֓,21,20,20,20,20,20,20,19
12,Chiba,MINAMI KANTO,t,֓,23,21,22,22,22,22,22,22
13,Tokyo,TOKYO,,,19,17,17,17,17,17,17,17
14,Kanagawa,MINAMI KANTO,_ސ,֓,23,21,22,22,22,22,22,22
15,Niigata,HOKURIKU-SHINETSU,V,kMz,13,11,11,11,11,11,11,11
16,Toyama,HOKURIKU-SHINETSU,xR,kMz,13,11,11,11,11,11,11,11
17,Ishikawa,HOKURIKU-SHINETSU,ΐ,kMz,13,11,11,11,11,11,11,11
18,Fukui,HOKURIKU-SHINETSU,,kMz,13,11,11,11,11,11,11,11
19,Yamanashi,MINAMI KANTO,R,֓,23,21,22,22,22,22,22,22
20,Nagano,HOKURIKU-SHINETSU,,kMz,13,11,11,11,11,11,11,11
21,Gifu,TOKAI,,C,23,21,21,21,21,21,21,21
22,Shizuoka,TOKAI,É,C,23,21,21,21,21,21,21,21
23,Aichi,TOKAI,m,C,23,21,21,21,21,21,21,21
24,Mie,TOKAI,Od,C,23,21,21,21,21,21,21,21
25,Shiga,KINKI,,ߋE,33,30,29,29,29,29,29,28
26,Kyoto,KINKI,s,ߋE,33,30,29,29,29,29,29,28
27,Osaka,KINKI,,ߋE,33,30,29,29,29,29,29,28
28,Hyogo,KINKI,,ߋE,33,30,29,29,29,29,29,28
29,Nara,KINKI,ޗ,ߋE,33,30,29,29,29,29,29,28
30,Wakayama,KINKI,a̎R,ߋE,33,30,29,29,29,29,29,28
31,Tottori,CHUGOKU,,,13,11,11,11,11,11,11,11
32,Shimane,CHUGOKU,,,13,11,11,11,11,11,11,11
33,Okayama,CHUGOKU,R,,13,11,11,11,11,11,11,11
34,Hiroshima,CHUGOKU,L,,13,11,11,11,11,11,11,11
35,Yamaguchi,CHUGOKU,R,,13,11,11,11,11,11,11,11
36,Tokushima,SHIKOKU,,l,7,6,6,6,6,6,6,6
37,Kagawa,SHIKOKU,,l,7,6,6,6,6,6,6,6
38,Ehime,SHIKOKU,Q,l,7,6,6,6,6,6,6,6
39,Kochi,SHIKOKU,m,l,7,6,6,6,6,6,6,6
40,Fukuoka,KYUSHU,,B,23,21,21,21,21,21,21,20
41,Saga,KYUSHU,,B,23,21,21,21,21,21,21,20
42,Nagasaki,KYUSHU,,B,23,21,21,21,21,21,21,20
43,Kumamoto,KYUSHU,F{,B,23,21,21,21,21,21,21,20
44,Oita,KYUSHU,啪,B,23,21,21,21,21,21,21,20
45,Miyazaki,KYUSHU,{,B,23,21,21,21,21,21,21,20
46,Kagoshima,KYUSHU,,B,23,21,21,21,21,21,21,20
47,Okinawa,KYUSHU,,B,23,21,21,21,21,21,21,20
